{
	"format_version": "1.12.0",
	"minecraft:geometry": [
		{
			"description": {
				"identifier": "geometry.spectreon",
				"texture_width": 64,
				"texture_height": 64,
				"visible_bounds_width": 4,
				"visible_bounds_height": 3.5,
				"visible_bounds_offset": [0, 1.25, 0]
			},
			"bones": [
				{
					"name": "spectreon",
					"pivot": [0, 0, 0]
				},
				{
					"name": "body",
					"parent": "spectreon",
					"pivot": [0, 9.75, 0]
				},
				{
					"name": "torso",
					"parent": "body",
					"pivot": [0, 9.75, 0],
					"cubes": [
						{"origin": [-3.5, 6.74997, -7], "size": [7, 6, 7], "uv": [25, 7]}
					]
				},
				{
					"name": "head",
					"parent": "torso",
					"pivot": [0, 11.49997, -6.48093],
					"cubes": [
						{"origin": [-3.5, 9.99997, -12.5], "size": [7, 7, 7], "inflate": 0.01, "uv": [0, 14]},
						{"origin": [-2.5, 9.99997, -13.5], "size": [5, 3, 1], "uv": [52, 46]},
						{"origin": [-0.5, 11.74997, -13.51], "size": [1, 1, 0], "uv": [5, 0]},
						{"origin": [-5, 10.47932, -5.52502], "size": [10, 6, 0], "pivot": [0, 12.97932, -6.52502], "rotation": [-30, 0, 0], "uv": [24, 0]}
					]
				},
				{
					"name": "mouth",
					"parent": "head",
					"pivot": [0, 0, 0],
					"cubes": [
						{"origin": [-1, 10.5, -13.41], "size": [2, 1, 0], "uv": [0, 6]}
					]
				},
				{
					"name": "eyes",
					"parent": "head",
					"pivot": [0, 14.12178, -12.48093]
				},
				{
					"name": "eye_right",
					"parent": "eyes",
					"pivot": [-2.515, 14.25, -12.015],
					"cubes": [
						{"origin": [-3.515, 13.25, -12.515], "size": [2, 2, 1], "uv": [0, 17]}
					]
				},
				{
					"name": "eyelid_right",
					"parent": "eye_right",
					"pivot": [-2.415, 14.25, -11.915],
					"cubes": [
						{"origin": [-3.415, 13.25, -12.415], "size": [2, 2, 1], "inflate": 0.01, "uv": [0, 14]}
					]
				},
				{
					"name": "eye_left",
					"parent": "eyes",
					"pivot": [2.515, 14.25, -12.015],
					"cubes": [
						{"origin": [1.515, 13.25, -12.515], "size": [2, 2, 1], "uv": [0, 3]}
					]
				},
				{
					"name": "eyelid_left",
					"parent": "eye_left",
					"pivot": [2.415, 14.25, -11.915],
					"cubes": [
						{"origin": [1.415, 13.25, -12.415], "size": [2, 2, 1], "inflate": 0.01, "uv": [0, 0]}
					]
				},
				{
					"name": "ear_right",
					"parent": "head",
					"pivot": [-3.5, 13.99997, -9.48093],
					"rotation": [0, 12.5, 0],
					"cubes": [
						{"origin": [-8.5, 13.99997, -10.48093], "size": [7, 10, 0], "pivot": [-3.5, 13.99997, -9.48093], "rotation": [0, 2.5, -7.5], "uv": [38, 34]}
					]
				},
				{
					"name": "ear_left",
					"parent": "head",
					"pivot": [3.5, 13.99997, -9.48093],
					"rotation": [0, -12.5, 0],
					"cubes": [
						{"origin": [1.5, 13.99997, -10.48093], "size": [7, 10, 0], "pivot": [3, 14.99997, -10.48093], "rotation": [-0.98448, -7.43547, 7.56397], "uv": [24, 34]}
					]
				},
				{
					"name": "hips",
					"parent": "torso",
					"pivot": [0, 9.74997, 0.01907],
					"cubes": [
						{"origin": [-3.5, 6.74997, 0], "size": [7, 6, 7], "uv": [21, 21]}
					]
				},
				{
					"name": "leg_back_right",
					"parent": "hips",
					"pivot": [-2.5, 8.99997, 4.75],
					"rotation": [5, 0, 0],
					"cubes": [
						{"origin": [-4, 4.49997, 2.75], "size": [3, 6, 4], "inflate": 0.01, "uv": [14, 40]}
					]
				},
				{
					"name": "leg_back_right2",
					"parent": "leg_back_right",
					"pivot": [-2.5, 4.49997, 6.25],
					"rotation": [-12.5, 0, 0],
					"cubes": [
						{"origin": [-4, 0.74997, 4.25], "size": [3, 4, 3], "uv": [49, 26]}
					]
				},
				{
					"name": "leg_back_right3",
					"parent": "leg_back_right2",
					"pivot": [-2.5, 1.24997, 5.75],
					"rotation": [7.5, 0, 0],
					"cubes": [
						{"origin": [-4, -0.25003, 4], "size": [3, 2, 3], "inflate": 0.01, "uv": [52, 33]}
					]
				},
				{
					"name": "leg_back_left",
					"parent": "hips",
					"pivot": [2.5, 8.99997, 4.75],
					"rotation": [5, 0, 0],
					"cubes": [
						{"origin": [1, 4.49997, 2.75], "size": [3, 6, 4], "inflate": 0.01, "uv": [0, 39]}
					]
				},
				{
					"name": "leg_back_left2",
					"parent": "leg_back_left",
					"pivot": [2.5, 4.49997, 6.25],
					"rotation": [-12.5, 0, 0],
					"cubes": [
						{"origin": [1, 0.74997, 4.25], "size": [3, 4, 3], "uv": [0, 49]}
					]
				},
				{
					"name": "leg_back_left3",
					"parent": "leg_back_left2",
					"pivot": [2.5, 1.24997, 5.75],
					"rotation": [7.5, 0, 0],
					"cubes": [
						{"origin": [1, -0.25003, 4], "size": [3, 2, 3], "inflate": 0.01, "uv": [49, 50]}
					]
				},
				{
					"name": "tail",
					"parent": "hips",
					"pivot": [0.07143, 9.67854, 6.98336],
					"cubes": [
						{"origin": [-1.92857, 9.67854, 6.98336], "size": [4, 3, 3], "pivot": [0.07143, 9.67854, 6.98336], "rotation": [20, 0, 0], "uv": [42, 20]}
					]
				},
				{
					"name": "tail2",
					"parent": "tail",
					"pivot": [0.07143, 9.67854, 6.98336],
					"cubes": [
						{"origin": [-2.92857, 8.67854, 9.98336], "size": [6, 5, 6], "pivot": [0.07143, 9.67854, 6.98336], "rotation": [20, 0, 0], "uv": [0, 28]},
						{"origin": [-3.92857, 8.67854, 10.98336], "size": [8, 6, 8], "pivot": [0.07143, 9.67854, 6.98336], "rotation": [20, 0, 0], "uv": [0, 0]}
					]
				},
				{
					"name": "leg_front_right",
					"parent": "body",
					"pivot": [-2.5, 9, -4.5],
					"rotation": [7.5, 0, 0],
					"cubes": [
						{"origin": [-4, 4.5, -6], "size": [3, 6, 3], "inflate": 0.01, "uv": [40, 44]}
					]
				},
				{
					"name": "leg_front_right2",
					"parent": "leg_front_right",
					"pivot": [-2.5, 4.5, -3],
					"rotation": [-22.5, 0, 0],
					"cubes": [
						{"origin": [-4, 0.5, -6], "size": [3, 4, 3], "uv": [46, 7]}
					]
				},
				{
					"name": "leg_front_right3",
					"parent": "leg_front_right2",
					"pivot": [-2.5, 1, -4.5],
					"rotation": [15, 0, 0],
					"cubes": [
						{"origin": [-4, -0.75, -6.25], "size": [3, 2, 3], "inflate": 0.01, "uv": [12, 50]}
					]
				},
				{
					"name": "leg_front_left",
					"parent": "body",
					"pivot": [2.5, 9, -4.5],
					"rotation": [7.5, 0, 0],
					"cubes": [
						{"origin": [1, 4.5, -6], "size": [3, 6, 3], "inflate": 0.01, "uv": [28, 44]}
					]
				},
				{
					"name": "leg_front_left2",
					"parent": "leg_front_left",
					"pivot": [2.5, 4.5, -3],
					"rotation": [-22.5, 0, 0],
					"cubes": [
						{"origin": [1, 0.5, -6], "size": [3, 4, 3], "uv": [44, 0]}
					]
				},
				{
					"name": "leg_front_left3",
					"parent": "leg_front_left2",
					"pivot": [2.5, 1, -4.5],
					"rotation": [15, 0, 0],
					"cubes": [
						{"origin": [1, -0.75, -6.25], "size": [3, 2, 3], "inflate": 0.01, "uv": [49, 41]}
					]
				}
			]
		}
	]
}