{
  "species": "cobblemon:automeon",
  "order": 0,
  "variations": [
    {
      "aspects": [],
      "poser": "cobblemon:automeon",
      "model": "cobblemon:automeon.geo",
      "texture": "cobblemon:textures/pokemon/automeon/automeon.png",
      "layers": [
        {
          "name": "emissive",
          "emissive": true,
          "texture": "cobblemon:textures/pokemon/automeon/automeon_e.png",
          "translucent": true
        }]
    },
    {
      "aspects": [ "shiny" ],
      "texture": "cobblemon:textures/pokemon/automeon/automeon_shiny.png",
      "layers": [
        {
          "name": "emissive",
          "emissive": true,
          "texture": "cobblemon:textures/pokemon/automeon/automeon_shiny_e.png",
          "translucent": true
        }]
    }
  ]
}