{
	"format_version": "1.10.0",
	"particle_effect": {
		"description": {
			"identifier": "cobblemon:fireorbspiritslow",
			"basic_render_parameters": {
				"material": "particles_alpha",
				"texture": "textures/particle/fireorbspiritslow"
			}
		},
		"components": {
			"minecraft:emitter_local_space": {
				"position": true,
				"rotation": false,
				"velocity": false
			},
			"minecraft:emitter_rate_steady": {
				"spawn_rate": 50,
				"max_particles": 1
			},
			"minecraft:emitter_lifetime_looping": {
				"active_time": 1
			},
			"minecraft:emitter_shape_point": {
				"offset": [0, 0.4, 0]
			},
			"minecraft:particle_lifetime_expression": {
				"max_lifetime": "Math.random(3, 3.4)"
			},
			"minecraft:particle_initial_speed": 1,
			"minecraft:particle_appearance_billboard": {
				"size": [0.18, 0.18],
				"facing_camera_mode": "rotate_xyz",
				"uv": {
					"texture_width": 8,
					"texture_height": 256,
					"flipbook": {
						"base_UV": [0, 0],
						"size_UV": [8, 8],
						"step_UV": [0, 8],
						"max_frame": 32,
						"stretch_to_lifetime": true
					}
				}
			}
		}
	}
}