{
    "enabled": true,
    "neededInstalledMods": [],
    "neededUninstalledMods": [],
    "spawns": [
        {
            "id": "applin-1",
            "pokemon": "applin",
            "type": "pokemon",
            "context": "grounded",
            "bucket": "rare",
            "level": "15-20",
            "weight": 5.8,
            "condition": {
                "canSeeSky": true,
                "biomes": [
                    "#cobblemon:is_forest"
                ]
            }
        }
    ]
}