{
    "enabled": true,
    "neededInstalledMods": [],
    "neededUninstalledMods": [],
    "spawns": [
        {
            "id": "cramorant-1",
            "pokemon": "cramorant",
            "type": "pokemon",
            "context": "grounded",
            "bucket": "rare",
            "level": "5-35",
            "weight": 5.5,
          "condition": {
            "maxLight": 0,
            "canSeeSky": true,
            "biomes": [
              "#minecraft:is_overworld"
            ],
            "isRaining": true
          }
        },
      {
        "id": "cramorant-2",
        "pokemon": "cramorant",
        "type": "pokemon",
        "context": "grounded",
        "bucket": "rare",
        "level": "5-35",
        "weight": 8.8,
        "condition": {
          "maxLight": 2,
          "canSeeSky": true,
          "biomes": [
            "#cobblemon:is_river"
          ],
          "isRaining": true
        }
      },
      {
        "id": "cramorant-3",
        "pokemon": "cramorant",
        "type": "pokemon",
        "context": "grounded",
        "bucket": "rare",
        "level": "5-35",
        "weight": 6.8,
        "condition": {
          "maxLight": 2,
          "canSeeSky": true,
          "biomes": [
            "#cobblemon:is_swamp"
          ],
          "timeRange": "day"
        }
      }
    ]
}
