{
    "enabled": "true",
    "neededInstalledMods": [],
    "neededUninstalledMods": [],
    "spawns": [
        {
            "id": "fluttermane-1",
            "pokemon": "fluttermane",
            "type": "pokemon",
            "context": "grounded",
            "bucket": "ultra-rare",
            "level": "30-48",
            "weight": 3.5,
            "condition": {
                "biomes": [
                    "minecraft:dripstone_caves"
                ]
            }
        }
    ]
}