{
    "enabled": "true",
    "neededInstalledMods": [],
    "neededUninstalledMods": [],
    "spawns": [
        {
            "id": "meltan-1",
            "pokemon": "meltan",
            "type": "pokemon",
            "context": "grounded",
            "bucket": "ultra-rare",
            "level": "38-48",
            "weight": 8.06,
            "condition": {
                "canSeeSky": true,
                "biomes": [
                    "#cobblemon:is_overworld"
                ],
                "neededNearbyBlocks": [
                    "minecraft:iron_block"
                ]
            }
        }
    ]
}