{
	"format_version": "1.12.0",
	"minecraft:geometry": [
		{
			"description": {
				"identifier": "geometry.spectreon",
				"texture_width": 128,
				"texture_height": 128,
				"visible_bounds_width": 5,
				"visible_bounds_height": 2.5,
				"visible_bounds_offset": [0, 0.75, 0]
			},
			"bones": [
				{
					"name": "aereon",
					"pivot": [0, 0, 0]
				},
				{
					"name": "body",
					"parent": "aereon",
					"pivot": [0, 0, 0]
				},
				{
					"name": "torso",
					"parent": "body",
					"pivot": [0, 9.75, 0],
					"cubes": [
						{"origin": [-3.5, 7.74997, -6], "size": [7, 5, 6], "uv": [24, 7]}
					]
				},
				{
					"name": "head",
					"parent": "torso",
					"pivot": [0, 11.49997, -5.73093],
					"cubes": [
						{"origin": [-3.5, 9.99997, -11.75], "size": [7, 7, 7], "inflate": 0.01, "uv": [0, 13]},
						{"origin": [-2.5, 9.99997, -13.75], "size": [5, 3, 2], "uv": [48, 35]},
						{"origin": [-0.5, 11.74997, -13.76], "size": [1, 1, 0], "uv": [0, 1]},
						{"origin": [-5, 7.74997, -7.73093], "size": [10, 8, 5], "pivot": [0, 11.49997, -5.73093], "rotation": [-37.5, 0, 0], "uv": [0, 0]}
					]
				},
				{
					"name": "mouth",
					"parent": "head",
					"pivot": [0, 0, 0.75],
					"cubes": [
						{"origin": [-1, 10.5, -12.66], "size": [2, 1, 0], "uv": [0, 0]}
					]
				},
				{
					"name": "eyes",
					"parent": "head",
					"pivot": [0, 14.12178, -11.73093]
				},
				{
					"name": "eye_right",
					"parent": "eyes",
					"pivot": [-2.515, 14.25, -11.265],
					"cubes": [
						{"origin": [-3.515, 13.25, -11.765], "size": [2, 2, 1], "uv": [41, 46]}
					]
				},
				{
					"name": "eyelid_right",
					"parent": "eye_right",
					"pivot": [-2.415, 14.25, -11.165],
					"cubes": [
						{"origin": [-3.415, 13.25, -11.665], "size": [2, 2, 1], "inflate": 0.01, "uv": [15, 39]}
					]
				},
				{
					"name": "eye_left",
					"parent": "eyes",
					"pivot": [2.515, 14.25, -11.265],
					"cubes": [
						{"origin": [1.515, 13.25, -11.765], "size": [2, 2, 1], "uv": [0, 16]}
					]
				},
				{
					"name": "eyelid_left",
					"parent": "eye_left",
					"pivot": [2.415, 14.25, -11.165],
					"cubes": [
						{"origin": [1.415, 13.25, -11.665], "size": [2, 2, 1], "inflate": 0.01, "uv": [0, 13]}
					]
				},
				{
					"name": "ear_right",
					"parent": "head",
					"pivot": [-3.5, 13.99997, -8.73093],
					"rotation": [0, 12.5, 0],
					"cubes": [
						{"origin": [-7.5, 15.99997, -7.73093], "size": [5, 7, 0], "pivot": [-3.5, 13.99997, -8.73093], "rotation": [0, 0, -10], "uv": [44, 53]}
					]
				},
				{
					"name": "ear_left",
					"parent": "head",
					"pivot": [3.5, 13.99997, -8.73093],
					"rotation": [0, -12.5, 0],
					"cubes": [
						{"origin": [2.5, 15.99997, -7.73093], "size": [5, 7, 0], "pivot": [3.5, 13.99997, -8.73093], "rotation": [0, 0, 7.5], "uv": [53, 40]}
					]
				},
				{
					"name": "hips",
					"parent": "torso",
					"pivot": [0, 9.74997, 0.01907],
					"cubes": [
						{"origin": [-3.5, 7.74997, 0], "size": [7, 5, 7], "uv": [21, 20]}
					]
				},
				{
					"name": "leg_back_right",
					"parent": "hips",
					"pivot": [-2.5, 8.99997, 4.75],
					"rotation": [5, 0, 0],
					"cubes": [
						{"origin": [-4, 4.49997, 2.75], "size": [3, 6, 4], "inflate": 0.01, "uv": [18, 40]}
					]
				},
				{
					"name": "leg_back_right2",
					"parent": "leg_back_right",
					"pivot": [-2.5, 4.49997, 6.25],
					"rotation": [-12.5, 0, 0],
					"cubes": [
						{"origin": [-4, 0.74997, 4.25], "size": [3, 4, 3], "uv": [12, 50]}
					]
				},
				{
					"name": "leg_back_right3",
					"parent": "leg_back_right2",
					"pivot": [-2.5, 1.24997, 5.75],
					"rotation": [7.5, 0, 0],
					"cubes": [
						{"origin": [-4, -0.25003, 4], "size": [3, 2, 3], "inflate": 0.01, "uv": [54, 55]}
					]
				},
				{
					"name": "leg_back_left",
					"parent": "hips",
					"pivot": [2.5, 8.99997, 4.75],
					"rotation": [5, 0, 0],
					"cubes": [
						{"origin": [1, 4.49997, 2.75], "size": [3, 6, 4], "inflate": 0.01, "uv": [38, 36]}
					]
				},
				{
					"name": "leg_back_left2",
					"parent": "leg_back_left",
					"pivot": [2.5, 4.49997, 6.25],
					"rotation": [-12.5, 0, 0],
					"cubes": [
						{"origin": [1, 0.74997, 4.25], "size": [3, 4, 3], "uv": [49, 25]}
					]
				},
				{
					"name": "leg_back_left3",
					"parent": "leg_back_left2",
					"pivot": [2.5, 1.24997, 5.75],
					"rotation": [7.5, 0, 0],
					"cubes": [
						{"origin": [1, -0.25003, 4], "size": [3, 2, 3], "inflate": 0.01, "uv": [54, 50]}
					]
				},
				{
					"name": "leg_front_right",
					"parent": "hips",
					"pivot": [-2.5, 9, -4.5],
					"rotation": [7.5, 0, 0],
					"cubes": [
						{"origin": [-4, 4.40211, -5.25642], "size": [3, 6, 3], "inflate": 0.01, "uv": [32, 46]}
					]
				},
				{
					"name": "leg_front_right2",
					"parent": "leg_front_right",
					"pivot": [-2.5, 4.5, -3],
					"rotation": [-22.5, 0, 0],
					"cubes": [
						{"origin": [-4, 0.69411, -5.27556], "size": [3, 4, 3], "uv": [0, 47]}
					]
				},
				{
					"name": "leg_front_right3",
					"parent": "leg_front_right2",
					"pivot": [-2.5, 1, -4.5],
					"rotation": [15, 0, 0],
					"cubes": [
						{"origin": [-4, -0.75, -5.5], "size": [3, 2, 3], "inflate": 0.01, "uv": [21, 54]}
					]
				},
				{
					"name": "leg_front_left",
					"parent": "hips",
					"pivot": [2.5, 9, -4.5],
					"rotation": [7.5, 0, 0],
					"cubes": [
						{"origin": [1, 4.40211, -5.25642], "size": [3, 6, 3], "inflate": 0.01, "uv": [45, 4]}
					]
				},
				{
					"name": "leg_front_left2",
					"parent": "leg_front_left",
					"pivot": [2.5, 4.5, -3],
					"rotation": [-22.5, 0, 0],
					"cubes": [
						{"origin": [1, 0.69411, -5.27556], "size": [3, 4, 3], "uv": [44, 46]}
					]
				},
				{
					"name": "leg_front_left3",
					"parent": "leg_front_left2",
					"pivot": [2.5, 1, -4.5],
					"rotation": [15, 0, 0],
					"cubes": [
						{"origin": [1, -0.75, -5.5], "size": [3, 2, 3], "inflate": 0.01, "uv": [0, 54]}
					]
				},
				{
					"name": "tail",
					"parent": "hips",
					"pivot": [0.07143, 12.67854, 6.98336],
					"cubes": [
						{"origin": [-2.4286, 10.67854, 5.48336], "size": [5, 3, 4], "pivot": [0.07143, 12.67854, 6.98336], "rotation": [32.5, 0, 0], "uv": [30, 0]},
						{"origin": [-2.92857, 9.42854, 7.48336], "size": [6, 5, 3], "pivot": [0.07143, 12.67854, 6.98336], "rotation": [42.5, 0, 0], "uv": [0, 39]}
					]
				},
				{
					"name": "tail2",
					"parent": "tail",
					"pivot": [0.07143, 12.67854, 6.98336],
					"cubes": [
						{"origin": [-3.92857, 8.67854, 9.48336], "size": [8, 7, 4], "pivot": [0.07143, 12.67854, 6.98336], "rotation": [32.5, 0, 0], "uv": [0, 28]},
						{"origin": [-2.92857, 13.78659, 11.57745], "size": [6, 5, 3], "pivot": [0.07143, 16.28659, 13.57745], "rotation": [55, 0, 0], "uv": [24, 32]}
					]
				},
				{
					"name": "tail3",
					"parent": "tail2",
					"pivot": [-0.05357, 16.60036, 13.99383],
					"cubes": [
						{"origin": [-2.17857, 15.20275, 12.56553], "size": [4, 3, 2], "pivot": [-0.05357, 16.70275, 14.06553], "rotation": [10, 0, 0], "uv": [50, 13]},
						{"origin": [-0.92857, 15.3492, 13.16908], "size": [2, 2, 2], "pivot": [-0.05357, 16.70275, 14.06553], "rotation": [55, 0, 0], "uv": [25, 0]}
					]
				},
				{
					"name": "ribbon_right",
					"parent": "torso",
					"pivot": [-4.5, 11.75, -3.5],
					"cubes": [
						{"origin": [-11, 10, -3.5], "size": [9, 3.5, 0], "uv": [39, 32]}
					]
				},
				{
					"name": "ribbon_right2",
					"parent": "ribbon_right",
					"pivot": [-11, 11.75, -3.5],
					"cubes": [
						{"origin": [-19, 9.75, -3.5], "size": [8, 4, 0], "uv": [42, 21]}
					]
				},
				{
					"name": "ribbon_right3",
					"parent": "ribbon_right2",
					"pivot": [-19, 11.75, -3.5],
					"cubes": [
						{"origin": [-23, 10, -3.5], "size": [4, 3.5, 0], "uv": [9, 47]}
					]
				},
				{
					"name": "ribbon_right4",
					"parent": "ribbon_right3",
					"pivot": [-23, 11.75, -3.5],
					"cubes": [
						{"origin": [-28, 9.75, -3.5], "size": [5, 4, 0], "uv": [28, 40]}
					]
				},
				{
					"name": "ribbon_left",
					"parent": "torso",
					"pivot": [4.5, 11.75, -3.5],
					"cubes": [
						{"origin": [2, 10, -3.5], "size": [9, 3.5, 0], "uv": [42, 18]}
					]
				},
				{
					"name": "ribbon_left2",
					"parent": "ribbon_left",
					"pivot": [11, 11.75, -3.5],
					"cubes": [
						{"origin": [11, 9.75, -3.5], "size": [8, 4, 0], "uv": [44, 0]}
					]
				},
				{
					"name": "ribbon_left3",
					"parent": "ribbon_left2",
					"pivot": [19, 11.75, -3.5],
					"cubes": [
						{"origin": [19, 10, -3.5], "size": [4, 3.5, 0], "uv": [21, 50]}
					]
				},
				{
					"name": "ribbon_left4",
					"parent": "ribbon_left3",
					"pivot": [23, 11.75, -3.5],
					"cubes": [
						{"origin": [23, 9.75, -3.5], "size": [5, 4, 0], "uv": [33, 55]}
					]
				}
			]
		}
	]
}