{
	"format_version": "1.12.0",
	"minecraft:geometry": [
		{
			"description": {
				"identifier": "geometry.spectreon",
				"texture_width": 128,
				"texture_height": 128,
				"visible_bounds_width": 4,
				"visible_bounds_height": 246,
				"visible_bounds_offset": [0, -121, 0]
			},
			"bones": [
				{
					"name": "acideon",
					"pivot": [0, 0, 0]
				},
				{
					"name": "acid_pool",
					"parent": "acideon",
					"pivot": [0, -3911.25, 2],
					"cubes": [
						{"origin": [-11, -3911.25, -20], "size": [22, 0, 36], "pivot": [0, -3829.25, 0], "rotation": [0, 180, 0], "uv": [0, 0]}
					]
				},
				{
					"name": "body",
					"parent": "acideon",
					"pivot": [0, 9.75, 0]
				},
				{
					"name": "torso",
					"parent": "body",
					"pivot": [0, 9.75, 0],
					"cubes": [
						{"origin": [-3.5, 7.74997, -7], "size": [7, 4, 7], "uv": [0, 25]}
					]
				},
				{
					"name": "head",
					"parent": "torso",
					"pivot": [0, 10.49997, -6.48093],
					"cubes": [
						{"origin": [-3.5, 8.99997, -12.5], "size": [7, 7, 7], "inflate": 0.01, "uv": [0, 0]},
						{"origin": [-2.5, 8.99997, -13.5], "size": [5, 3, 1], "uv": [52, 43]},
						{"origin": [-0.5, 10.74997, -13.51], "size": [1, 1, 0], "uv": [5, 0]}
					]
				},
				{
					"name": "mouth",
					"parent": "head",
					"pivot": [0, -1, 0],
					"cubes": [
						{"origin": [-1, 9.5, -13.41], "size": [2, 1, 0], "uv": [0, 6]}
					]
				},
				{
					"name": "eyes",
					"parent": "head",
					"pivot": [0, 13.12178, -12.48093]
				},
				{
					"name": "eye_right",
					"parent": "eyes",
					"pivot": [-2.515, 13.25, -12.015],
					"cubes": [
						{"origin": [-3.515, 12.25, -12.515], "size": [2, 2, 1], "uv": [0, 17]}
					]
				},
				{
					"name": "eyelid_right",
					"parent": "eye_right",
					"pivot": [-2.415, 13.25, -11.915],
					"cubes": [
						{"origin": [-3.415, 12.25, -12.415], "size": [2, 2, 1], "inflate": 0.01, "uv": [0, 14]}
					]
				},
				{
					"name": "eye_left",
					"parent": "eyes",
					"pivot": [2.515, 13.25, -12.015],
					"cubes": [
						{"origin": [1.515, 12.25, -12.515], "size": [2, 2, 1], "uv": [0, 3]}
					]
				},
				{
					"name": "eyelid_left",
					"parent": "eye_left",
					"pivot": [2.415, 13.25, -11.915],
					"cubes": [
						{"origin": [1.415, 12.25, -12.415], "size": [2, 2, 1], "inflate": 0.01, "uv": [0, 0]}
					]
				},
				{
					"name": "ear_right",
					"parent": "head",
					"pivot": [-2.5, 15.99997, -9.48093],
					"rotation": [0, 12.5, 0],
					"cubes": [
						{"origin": [-9.4763, 8.99997, -8.69737], "size": [7, 10, 0], "uv": [14, 36]}
					]
				},
				{
					"name": "ear_left",
					"parent": "head",
					"pivot": [2.5, 15.99997, -9.48093],
					"rotation": [0, -12.5, 0],
					"cubes": [
						{"origin": [2.4763, 8.99997, -8.69737], "size": [7, 10, 0], "uv": [0, 36]}
					]
				},
				{
					"name": "hips",
					"parent": "torso",
					"pivot": [0, 9.74997, 0.01907],
					"cubes": [
						{"origin": [-3.5, 7.74997, 0], "size": [7, 4, 7], "uv": [0, 14]}
					]
				},
				{
					"name": "leg_back_right",
					"parent": "hips",
					"pivot": [-2.5, 8.99997, 4.75],
					"rotation": [5, 0, 0],
					"cubes": [
						{"origin": [-4, 4.49997, 2.75], "size": [3, 5, 4], "inflate": 0.01, "uv": [38, 41]}
					]
				},
				{
					"name": "leg_back_right2",
					"parent": "leg_back_right",
					"pivot": [-2.5, 4.49997, 6.25],
					"rotation": [-12.5, 0, 0],
					"cubes": [
						{"origin": [-4, 0.74997, 4.25], "size": [3, 4, 3], "uv": [12, 46]}
					]
				},
				{
					"name": "leg_back_right3",
					"parent": "leg_back_right2",
					"pivot": [-2.5, 1.24997, 5.75],
					"rotation": [7.5, 0, 0],
					"cubes": [
						{"origin": [-4, -0.25003, 3.75], "size": [3, 2, 3.25], "inflate": 0.01, "uv": [51, 38]}
					]
				},
				{
					"name": "leg_back_left",
					"parent": "hips",
					"pivot": [2.5, 8.99997, 4.75],
					"rotation": [5, 0, 0],
					"cubes": [
						{"origin": [1, 4.49997, 2.75], "size": [3, 5, 4], "inflate": 0.01, "uv": [28, 36]}
					]
				},
				{
					"name": "leg_back_left2",
					"parent": "leg_back_left",
					"pivot": [2.5, 4.49997, 6.25],
					"rotation": [-12.5, 0, 0],
					"cubes": [
						{"origin": [1, 0.74997, 4.25], "size": [3, 4, 3], "uv": [21, 25]}
					]
				},
				{
					"name": "leg_back_left3",
					"parent": "leg_back_left2",
					"pivot": [2.5, 1.24997, 5.75],
					"rotation": [7.5, 0, 0],
					"cubes": [
						{"origin": [1, -0.25003, 3.75], "size": [3, 2, 3.25], "inflate": 0.01, "uv": [34, 50]}
					]
				},
				{
					"name": "tail",
					"parent": "hips",
					"pivot": [0.07143, 9.67854, 6.98336],
					"cubes": [
						{"origin": [-1.92857, 8.67854, 5.98336], "size": [4, 3, 3], "pivot": [0.07143, 9.67854, 6.98336], "rotation": [-27.5, 0, 0], "uv": [7, 61]}
					]
				},
				{
					"name": "tail2",
					"parent": "tail",
					"pivot": [0.07143, 9.67854, 6.98336],
					"cubes": [
						{"origin": [-1.67857, 9.42854, 7.98336], "size": [3.5, 2.5, 5], "pivot": [0.07143, 9.67854, 6.98336], "rotation": [-45, 0, 0], "uv": [0, 71]},
						{"origin": [-1.42857, 12.17854, 11.23336], "size": [3, 2, 5], "pivot": [0.07143, 9.67854, 6.98336], "rotation": [-72.5, 0, 0], "uv": [12, 67]},
						{"origin": [-1.92857, 0.67854, 11.03336], "size": [4, 4, 4], "pivot": [0.07143, 1.67854, 13.48336], "rotation": [15, 0, 0], "uv": [10, 53]}
					]
				},
				{
					"name": "leg_front_right",
					"parent": "body",
					"pivot": [-2.5, 9, -4.5],
					"rotation": [7.5, 0, 0],
					"cubes": [
						{"origin": [-4, 4.5, -6], "size": [3, 5, 3], "inflate": 0.01, "uv": [0, 46]}
					]
				},
				{
					"name": "leg_front_right2",
					"parent": "leg_front_right",
					"pivot": [-2.5, 4.5, -3],
					"rotation": [-22.5, 0, 0],
					"cubes": [
						{"origin": [-4, 0.5, -6], "size": [3, 4, 3], "uv": [21, 14]}
					]
				},
				{
					"name": "leg_front_right3",
					"parent": "leg_front_right2",
					"pivot": [-2.5, 1, -4.5],
					"rotation": [15, 0, 0],
					"cubes": [
						{"origin": [-4, -0.75, -6.25], "size": [3, 2, 3], "inflate": 0.01, "uv": [49, 47]}
					]
				},
				{
					"name": "leg_front_left",
					"parent": "body",
					"pivot": [2.5, 9, -4.5],
					"rotation": [7.5, 0, 0],
					"cubes": [
						{"origin": [1, 4.5, -6], "size": [3, 5, 3], "inflate": 0.01, "uv": [25, 45]}
					]
				},
				{
					"name": "leg_front_left2",
					"parent": "leg_front_left",
					"pivot": [2.5, 4.5, -3],
					"rotation": [-22.5, 0, 0],
					"cubes": [
						{"origin": [1, 0.5, -6], "size": [3, 4, 3], "uv": [21, 0]}
					]
				},
				{
					"name": "leg_front_left3",
					"parent": "leg_front_left2",
					"pivot": [2.5, 1, -4.5],
					"rotation": [15, 0, 0],
					"cubes": [
						{"origin": [1, -0.75, -6.25], "size": [3, 2, 3], "inflate": 0.01, "uv": [42, 36]}
					]
				}
			]
		}
	]
}