{
    "implemented": true,
    "name": "gimmighoul",
    "nationalPokedexNumber": 999,
    "primaryType": "ghost",
    
    "abilities": [
        "rattled"
        
        
    ],
    "baseStats": {
        "hp": 45,
        "attack": 30,
        "defence": 70,
        "special_attack": 75,
        "special_defence": 70,
        "speed": 10
    },
    "behaviour": {
        "resting": {
            "canSleep": true,
            "depth": "normal",
            "light": "0-4"
        },
        "moving": {
            "canLook": false,
            "walk": {
                "canWalk": true,
                "avoidsLand": false
            },
            "swim": {
                "swimSpeed": 0.1,
                "canSwimInWater": false,
                "canBreatheUnderwater": false
            }
        }
    },
    "catchRate": 44,
    "maleRatio": -1,
    "shoulderMountable": false,
    
    "baseExperienceYield": 65,
    "experienceGroup": "slow",
    "eggCycles": 45,
    "eggGroups": [
        "undiscovered"
        
    ],
    "drops": {
        "amount": "1",
        "entries": [
        {"item": "minecraft:gold_ingot", "quantityRange": "1-2", "percentage": 50}
        ]
    },
    "moves": [
        "1:astonish",
        "1:tackle"
    ],
    "labels": [
        "custom"
    ],
    "pokedex": [
        "cobblemon.species.gimmighoul.desc1",
        "cobblemon.species.gimmighoul.desc2"
    ],
    "evolutions": [
        {
            "id": "gimmighoul_gholdengo",
            "variant": "level_up",
            "result": "gholdengo",
            "consumeHeldItem": true,
            "learnableMoves": [],
            "requirements": [
        {
          "variant": "held_item",
          "itemCondition": "minecraft:beacon"
        },
        {
          "variant": "level",
          "minLevel": 1
        }
      ]
    }
  ],
    
    "baseScale": 0.7,
    "hitbox": {
        "width": 0.5,
        "height": 1.0,
        "fixed": false
    },
    "baseFriendship": 50,
    "evYield": {
        "hp": 0,
        "attack": 0,
        "defence": 0,
        "special_attack": 1,
        "special_defence": 0,
        "speed": 0
    },
    "height": 1,
    "weight": 1
}