{
    "implemented": true,
    "name": "dipplin",
    "nationalPokedexNumber": 1011,
    "primaryType": "grass",
    "secondaryType": "dragon",
    "abilities": [
        "gluttony",
        "stickyhold"
        
    ],
    "baseStats": {
        "hp": 80,
        "attack": 80,
        "defence": 110,
        "special_attack": 95,
        "special_defence": 80,
        "speed": 40
    },
    "behaviour": {
        "resting": {
            "canSleep": true,
            "depth": "normal",
            "light": "0-4"
        },
        "moving": {
            "canLook": false,
            "walk": {
				"walkSpeed": 0.175,
                "canWalk": true,
                "avoidsLand": false
            },
            "swim": {
                "swimSpeed": 0.1,
                "canSwimInWater": false,
                "canBreatheUnderwater": false
            }
        }
    },
    "catchRate": 114,
    "maleRatio": 0.5,
    "shoulderMountable": false,
    
    "baseExperienceYield": 100,
    "experienceGroup": "erratic",
    "eggCycles": 25,
    "eggGroups": [
        "dragon",
        "monster"
    ],
    "drops": {
        "amount": "1",
        "entries": [
        {"item": "minecraft:apple", "quantityRange": "1-2", "percentage": 50}
        ]
    },
    "moves": [
        "1:astonish",
        "1:recycle",
        "1:sweetscent",
        "1:withdraw",
        "4:dragontail",
        "8:growth",
        "12:dragonbreath",
        "16:protect",
        "20:bulletseed",
        "28:seedbomb",
        "32:dragonpulse",
        "36:recover",
        "40:energyball",
        "44:substitute"
    ],
    "labels": [
        "custom"
    ],
    "pokedex": [
        "cobblemon.species.dipplin.desc1",
        "cobblemon.species.dipplin.desc2"
    ],
    
    
    "baseScale": 0.4,
    "hitbox": {
        "width": 0.5,
        "height": 0.5,
        "fixed": false
    },
    "baseFriendship": 50,
    "evYield": {
        "hp": 0,
        "attack": 0,
        "defence": 1,
        "special_attack": 0,
        "special_defence": 0,
        "speed": 0
    },
    "height": 1,
    "weight": 1
}