{
    "implemented": true,
    "name": "applin",
    "nationalPokedexNumber": 0840,
    "primaryType": "grass",
    "secondaryType": "dragon",
    "abilities": [
        "ripen",
        "gluttony",
        "h:bulletproof"
    ],
    "baseStats": {
        "hp": 40,
        "attack": 40,
        "defence": 80,
        "special_attack": 40,
        "special_defence": 40,
        "speed": 20
    },
    "behaviour": {
        "resting": {
            "canSleep": true,
            "depth": "normal",
            "light": "0-4"
        },
        "moving": {
            "canLook": false,
            "walk": {
				"walkSpeed": 0.175,
                "canWalk": true,
                "avoidsLand": false
            },
            "swim": {
                "swimSpeed": 0.1,
                "canSwimInWater": true,
                "canBreatheUnderwater": false
            }
        }
    },
    "catchRate": 87,
    "maleRatio": 0.5,
    "shoulderMountable": false,
    
    "baseExperienceYield": 100,
    "experienceGroup": "erratic",
    "eggCycles": 205,
    "eggGroups": [
        "dragon",
        "grass"
    ],
    "drops": {
        "amount": "1",
        "entries": [
        {"item": "minecraft:apple", "quantityRange": "1-2", "percentage": 50}
        ]
    },
    "moves": [
        "1:astonish",
        "1:withdraw"
    ],
    "labels": [
        "gen8"
    ],
    "pokedex": [
        "cobblemon.species.applin.desc1",
        "cobblemon.species.applin.desc2"
    ],
    "evolutions": [
        {
            "id": "applin_dipplin",
            "variant": "level_up",
            "result": "dipplin",
            "consumeHeldItem": true,
            "learnableMoves": [],
			"requirements": [
			{
          "variant": "held_item",
          "itemCondition": "minecraft:honey_bottle"
			},
			{
          "variant": "level",
          "minLevel": 1
			}
            ]
        }
    ],
    
    "baseScale": 0.4,
    "hitbox": {
        "width": 0.3,
        "height": 0.4,
        "fixed": false
    },
    "baseFriendship": 50,
    "evYield": {
        "hp": 0,
        "attack": 0,
        "defence": 1,
        "special_attack": 0,
        "special_defence": 0,
        "speed": 0
    },
    "height": 1,
    "weight": 1
}