{
    "implemented": true,
    "name": "duraludon",
    "nationalPokedexNumber": 9999,
    "primaryType": "steel",
    "secondaryType": "dragon",
    "abilities": [
        "lightmetal",
        "heavymetal",
        "h:stalwart"
    ],
    "baseStats": {
        "hp": 70,
        "attack": 95,
        "defence": 115,
        "special_attack": 120,
        "special_defence": 50,
        "speed": 85
    },
    "behaviour": {
        "resting": {
            "canSleep": true,
            "depth": "normal",
            "light": "0-4"
        },
        "moving": {
            "canLook": false,
            "walk": {
                "canWalk": true,
                "avoidsLand": false
            },
            "swim": {
                "swimSpeed": 0.1,
                "canSwimInWater": false,
                "canBreatheUnderwater": false
            }
        }
    },
    "catchRate": 35,
    "maleRatio": 0.5,
    "shoulderMountable": false,
    
    "baseExperienceYield": 187,
    "experienceGroup": "slow",
    "eggCycles": 30,
    "eggGroups": [
        "dragon",
        "mineral"
    ],
    "drops": {
        "amount": "1",
        "entries": [
        {"item": "minecraft:iron_ingot", "quantityRange": "1-32", "percentage": 50}
        ]
    },
    "moves": [
        "1:leer",
        "1:metalclaw",
        "6:rocksmash",
        "12:honeclaws",
        "18:metalsound",
        "24:breakingswipe",
        "30:dragontail",
        "36:irondefense",
        "42:laserfocus",
        "48:dragonclaw",
        "54:flashcannon",
        "60:metalburst",
        "66:hyperbeam",
        "78:steelroller",
        "78:outrage",
        "80:dragonpulse"
    ],
    "labels": [
        "custom"
    ],
    "pokedex": [
        "cobblemon.species.duraludon.desc1",
        "cobblemon.species.duraludon.desc2"
    ],
    
    
    "baseScale": 2.0,
    "hitbox": {
        "width": 1.0,
        "height": 1.3,
        "fixed": false
    },
    "baseFriendship": 50,
    "evYield": {
        "hp": 0,
        "attack": 0,
        "defence": 0,
        "special_attack": 1,
        "special_defence": 0,
        "speed": 0
    },
    "height": 1,
    "weight": 1
}