{
    "head": "head",
    "portraitScale": 1.2,
    "portraitTranslation": [ -0.3, 1.9, 0 ],
    "profileScale": 0.4,
    "profileTranslation": [ 0, 1.2, 0 ],
    "cry":  "bedrock(samurotthisui, cry)",
    "poses": {

      "standing": {
        "poseName": "standing",
        "transformTicks": 10,
        "poseTypes": [
          "STAND",
          "NONE",
          "PORTRAIT",
          "PROFILE"
        ],
        "animations": [
          "bedrock(samurotthisui, ground_idle)"
        ],
        "quirks": [
          {
            "name": "blink",
            "animations": ["bedrock(samurotthisui, blink)"]
          }
        ]
      },

      "walking": {
        "poseName": "walking",
        "transformTicks": 10,
        "poseTypes": [ "WALK" ],
        "animations": [ 
          "look",
          "bedrock(samurotthisui, ground_walk)"
        ],
        "quirks": [
          {
            "name": "blink",
            "animations": ["bedrock(samurotthisui, blink)"]
          }
        ]
      },
      "sleeping": {
        "poseName": "sleeping",
        "transformTicks": 10,
        "poseTypes": [
          "SLEEP"
        ],
        "animations": [
          "bedrock(samurotthisui, sleep)"
        ]
      }
    }
  }