{
	"format_version": "1.12.0",
	"minecraft:geometry": [
		{
			"description": {
				"identifier": "geometry.spectreon",
				"texture_width": 128,
				"texture_height": 128,
				"visible_bounds_width": 5,
				"visible_bounds_height": 3.5,
				"visible_bounds_offset": [0, 1.25, 0]
			},
			"bones": [
				{
					"name": "champeon",
					"pivot": [0, 0, 0]
				},
				{
					"name": "body",
					"parent": "champeon",
					"pivot": [0, 9.75, 0]
				},
				{
					"name": "torso",
					"parent": "body",
					"pivot": [0, 9.75, 0],
					"cubes": [
						{"origin": [-4.5, 6.74997, -7], "size": [9, 7, 7], "uv": [0, 14]}
					]
				},
				{
					"name": "head",
					"parent": "torso",
					"pivot": [0, 13.49997, -6.48093],
					"cubes": [
						{"origin": [-3.5, 11.99997, -12.5], "size": [7, 7, 7], "inflate": 0.01, "uv": [25, 7]},
						{"origin": [-2.5, 11.99997, -14], "size": [5, 3, 2], "uv": [54, 57]},
						{"origin": [-0.5, 13.74997, -14.01], "size": [1, 1, 0], "uv": [5, 0]},
						{"origin": [-4, 13.24997, -9.23093], "size": [8, 1, 5], "pivot": [0, 13.49997, -6.48093], "rotation": [45, 0, 0], "uv": [25, 0]}
					]
				},
				{
					"name": "mouth",
					"parent": "head",
					"pivot": [0, 2, 0],
					"cubes": [
						{"origin": [-1, 12.5, -13.41], "size": [2, 1, 0], "uv": [0, 6]}
					]
				},
				{
					"name": "eyes",
					"parent": "head",
					"pivot": [0, 16.12178, -12.48093]
				},
				{
					"name": "eye_right",
					"parent": "eyes",
					"pivot": [-2.515, 16.25, -12.015],
					"cubes": [
						{"origin": [-3.515, 15.25, -12.515], "size": [2, 2, 1], "uv": [0, 17]}
					]
				},
				{
					"name": "eyelid_right",
					"parent": "eye_right",
					"pivot": [-2.415, 16.25, -11.915],
					"cubes": [
						{"origin": [-3.415, 15.25, -12.415], "size": [2, 2, 1], "inflate": 0.01, "uv": [0, 14]}
					]
				},
				{
					"name": "eye_left",
					"parent": "eyes",
					"pivot": [2.515, 16.25, -12.015],
					"cubes": [
						{"origin": [1.515, 15.25, -12.515], "size": [2, 2, 1], "uv": [0, 3]}
					]
				},
				{
					"name": "eyelid_left",
					"parent": "eye_left",
					"pivot": [2.415, 16.25, -11.915],
					"cubes": [
						{"origin": [1.415, 15.25, -12.415], "size": [2, 2, 1], "inflate": 0.01, "uv": [0, 0]}
					]
				},
				{
					"name": "ear_right",
					"parent": "head",
					"pivot": [-3, 15.99997, -9.48093],
					"rotation": [0, 12.5, 0],
					"cubes": [
						{"origin": [-6, 15.99997, -8.48093], "size": [5, 11, 0], "pivot": [-3, 15.99997, -9.48093], "rotation": [-0.6574, 7.4713, -5.04292], "uv": [52, 37]}
					]
				},
				{
					"name": "ear_left",
					"parent": "head",
					"pivot": [3, 15.99997, -9.48093],
					"rotation": [0, -12.5, 0],
					"cubes": [
						{"origin": [1, 15.99997, -8.48093], "size": [5, 11, 0], "pivot": [3, 15.99997, -9.48093], "rotation": [-0.88045, -9.96156, 5.07673], "uv": [32, 52]}
					]
				},
				{
					"name": "hips",
					"parent": "torso",
					"pivot": [0, 9.74997, 0.01907],
					"cubes": [
						{"origin": [-4.5, 6.74997, 0], "size": [9, 7, 7], "uv": [0, 0]}
					]
				},
				{
					"name": "leg_back_right",
					"parent": "hips",
					"pivot": [-3.5, 8.99997, 4.75],
					"rotation": [5, 0, 0],
					"cubes": [
						{"origin": [-5, 4.49997, 2.75], "size": [3, 6, 4], "inflate": 0.01, "uv": [47, 2]}
					]
				},
				{
					"name": "leg_back_right2",
					"parent": "leg_back_right",
					"pivot": [-3.5, 4.49997, 6.25],
					"rotation": [-12.5, 0, 0],
					"cubes": [
						{"origin": [-5, 0.74997, 4.25], "size": [3, 4, 3], "uv": [54, 28]}
					]
				},
				{
					"name": "leg_back_right3",
					"parent": "leg_back_right2",
					"pivot": [-3.5, 1.24997, 5.75],
					"rotation": [7.5, 0, 0],
					"cubes": [
						{"origin": [-5, -0.25003, 4], "size": [3, 2, 3], "inflate": 0.01, "uv": [42, 56]}
					]
				},
				{
					"name": "leg_back_left",
					"parent": "hips",
					"pivot": [3.5, 8.99997, 4.75],
					"rotation": [5, 0, 0],
					"cubes": [
						{"origin": [2, 4.49997, 2.75], "size": [3, 6, 4], "inflate": 0.01, "uv": [0, 46]}
					]
				},
				{
					"name": "leg_back_left2",
					"parent": "leg_back_left",
					"pivot": [3.5, 4.49997, 6.25],
					"rotation": [-12.5, 0, 0],
					"cubes": [
						{"origin": [2, 0.74997, 4.25], "size": [3, 4, 3], "uv": [53, 12]}
					]
				},
				{
					"name": "leg_back_left3",
					"parent": "leg_back_left2",
					"pivot": [3.5, 1.24997, 5.75],
					"rotation": [7.5, 0, 0],
					"cubes": [
						{"origin": [2, -0.25003, 4], "size": [3, 2, 3], "inflate": 0.01, "uv": [12, 56]}
					]
				},
				{
					"name": "leg_front_right",
					"parent": "hips",
					"pivot": [-3.5, 9, -4.5],
					"rotation": [7.5, 0, 0],
					"cubes": [
						{"origin": [-5, 4.5, -6], "size": [3, 7, 4], "inflate": 0.01, "uv": [18, 45]}
					]
				},
				{
					"name": "leg_front_right2",
					"parent": "leg_front_right",
					"pivot": [-3.5, 4.5, -3],
					"rotation": [-22.5, 0, 0],
					"cubes": [
						{"origin": [-5, 0.5, -6], "size": [3, 4, 3], "uv": [49, 49]}
					]
				},
				{
					"name": "leg_front_right3",
					"parent": "leg_front_right2",
					"pivot": [-3.5, 1, -4.5],
					"rotation": [15, 0, 0],
					"cubes": [
						{"origin": [-5, -0.75, -6.25], "size": [3, 2, 3], "inflate": 0.01, "uv": [0, 56]}
					]
				},
				{
					"name": "leg_front_left",
					"parent": "hips",
					"pivot": [3.5, 9, -4.5],
					"rotation": [7.5, 0, 0],
					"cubes": [
						{"origin": [2, 4.5, -6], "size": [3, 7, 4], "inflate": 0.01, "uv": [38, 41]}
					]
				},
				{
					"name": "leg_front_left2",
					"parent": "leg_front_left",
					"pivot": [3.5, 4.5, -3],
					"rotation": [-22.5, 0, 0],
					"cubes": [
						{"origin": [2, 0.5, -6], "size": [3, 4, 3], "uv": [48, 21]}
					]
				},
				{
					"name": "leg_front_left3",
					"parent": "leg_front_left2",
					"pivot": [3.5, 1, -4.5],
					"rotation": [15, 0, 0],
					"cubes": [
						{"origin": [2, -0.75, -6.25], "size": [3, 2, 3], "inflate": 0.01, "uv": [16, 37]}
					]
				},
				{
					"name": "tail",
					"parent": "hips",
					"pivot": [0.07143, 9.67854, 6.98336],
					"cubes": [
						{"origin": [-1.92857, 11.67854, 5.98336], "size": [4, 2, 6], "pivot": [0.07143, 9.67854, 6.98336], "rotation": [22.5, 0, 0], "uv": [22, 37]},
						{"origin": [-2.35, 9.67854, 10.98336], "size": [5, 3, 6], "pivot": [0.0714, 8.67854, 5.98336], "rotation": [32.5, 0, 0], "uv": [0, 37]},
						{"origin": [-2.3, 13.0116, 13.7417], "size": [5, 2, 6], "pivot": [0.07143, 14.1366, 11.9917], "rotation": [67.5, 0, 0], "uv": [0, 28]},
						{"origin": [-3.92857, 18.92854, 11.48336], "size": [8, 9, 6], "pivot": [0.07143, 24.17854, 15.48336], "rotation": [12.5, 0, 0], "uv": [26, 22]}
					]
				}
			]
		}
	]
}