{
	"format_version": "1.8.0",
	"animations": {
		"animation.automeon.ground_idle": {
			"loop": true,
			"animation_length": 2,
			"override_previous_animation": true,
			"bones": {
				"head": {
					"rotation": ["-math.sin(q.anim_time*90*4)*0.2", 0, "math.clamp(math.sin(q.anim_time*90*4+45)*0.2,-1.2,1.2)"]
				},
				"ear_right": {
					"rotation": {
						"0.0": [0, 0, "-(2*math.sin(q.anim_time*90*2+90)-math.clamp(math.sin(q.anim_time*90*2-90),-1,1))"],
						"0.5": [0, 0, 0],
						"1.0": [0, 0, -7.5],
						"1.5": [0, 0, "-(2*math.sin(q.anim_time*90*2+90)-math.clamp(math.sin(q.anim_time*90*2-90),-1,1))"]
					}
				},
				"ear_left": {
					"rotation": {
						"0.0": [0, 0, "2*math.sin(q.anim_time*90*2+90)-math.clamp(math.sin(q.anim_time*90*2-90),-1,1)"],
						"0.5": [0, 0, 0],
						"1.0": [0, 0, 7.5],
						"1.5": [0, 0, "2*math.sin(q.anim_time*90*2+90)-math.clamp(math.sin(q.anim_time*90*2-90),-1,1)"]
					}
				},
				"torso": {
					"rotation": ["math.sin(q.anim_time*90*4)*0.2", 0, 0],
					"position": [0, "(math.clamp(math.sin(q.anim_time*90*4+180)*0.1,-0.03,0.03)+math.clamp(math.sin(q.anim_time*90*2+180)*0.15,-0.5,0.5))*0.5", 0]
				},
				"tail": {
					"rotation": {
						"0.0": ["4*(math.sin(q.anim_time*90*2)*1)+4*(math.sin(q.anim_time*90*2/2)*1)", 0, 0],
						"0.4583": [0, 0, 0],
						"1.125": {
							"pre": [0, 0, 0],
							"post": ["4*(math.sin(q.anim_time*90*2)*1)+4*(math.sin(q.anim_time*90*2/2)*1)", 0, 0]
						},
						"1.625": [0, 0, 0]
					}
				},
				"tail2": {
					"rotation": ["4*(math.sin(q.anim_time*90*2-90)*1)+4*(math.sin(q.anim_time*90*2/2-90)*1)", 0, 0]
				},
				"tail3": {
					"rotation": ["4*(math.sin(q.anim_time*90*2-90)*1)+4*(math.sin(q.anim_time*90*2/2-90)*1)", 0, 0]
				}
			}
		},
		"animation.automeon.ground_run": {
			"loop": true,
			"animation_length": 0.5,
			"override_previous_animation": true,
			"bones": {
				"body": {
					"rotation": ["5*(math.sin(q.anim_time*90*4*2-90)*1+1)-math.clamp(10*(math.sin(q.anim_time*90*4*2+45)*1+1),15,20)+15", 0, 0],
					"position": [
						0,
						"math.clamp(math.sin(q.anim_time*90*4*2+45)*1,0.5,2)-0.5+math.clamp(math.sin(q.anim_time*90*4*2)*1,0,2)",
						"-math.clamp(math.sin(q.anim_time*90*4*2-30)*2,0,2)+math.clamp(math.sin(-q.anim_time*90*4*2-30)*1,0,2)"
					]
				},
				"head": {
					"rotation": ["-5*(math.sin(q.anim_time*90*4*2-90)*1+1)+math.clamp(10*(math.sin(q.anim_time*90*4*2+45)*1+1),15,20)-15", 0, 0],
					"position": [0, -1, -1]
				},
				"leg_front_right": {
					"rotation": {
						"0.0": [
							"5+math.clamp(math.sin(-q.anim_time*90*4*1-20)*30,-40,0)+math.clamp(math.sin(q.anim_time*90*4*1+20)*30,-40,0)+math.clamp(math.sin(-q.anim_time*90*4*2-40)*50,0,70)-math.clamp(math.sin(-q.anim_time*90*4*2-30+180)*20,5,70)+5",
							0,
							0
						],
						"0.1": [-21.9655, 0, 0],
						"0.3": [-45, 0, 0],
						"0.4": [-28.96425, 0, 0],
						"0.5": [
							"5+math.clamp(math.sin(-q.anim_time*90*4*1-20)*30,-40,0)+math.clamp(math.sin(q.anim_time*90*4*1+20)*30,-40,0)+math.clamp(math.sin(-q.anim_time*90*4*2-40)*50,0,70)-math.clamp(math.sin(-q.anim_time*90*4*2-30+180)*20,5,70)+5",
							0,
							0
						]
					}
				},
				"leg_front_left": {
					"rotation": {
						"0.0": [
							"5+math.clamp(math.sin(-q.anim_time*90*4*1-20+30)*30,-40,0)+math.clamp(math.sin(q.anim_time*90*4*1+20-30)*30,-40,0)+math.clamp(math.sin(-q.anim_time*90*4*2-40+30)*50,0,70)-math.clamp(math.sin(-q.anim_time*90*4*2-30+180+30)*20,5,70)+5",
							0,
							0
						],
						"0.1": [-17.82793, 0, 0],
						"0.3": [-52.5, 0, 0],
						"0.4": [-28.36261, 0, 0],
						"0.5": [
							"5+math.clamp(math.sin(-q.anim_time*90*4*1-20+30)*30,-40,0)+math.clamp(math.sin(q.anim_time*90*4*1+20-30)*30,-40,0)+math.clamp(math.sin(-q.anim_time*90*4*2-40+30)*50,0,70)-math.clamp(math.sin(-q.anim_time*90*4*2-30+180+30)*20,5,70)+5",
							0,
							0
						]
					}
				},
				"leg_back_right": {
					"rotation": {
						"0.0": ["math.clamp(math.sin(q.anim_time*90*4*2)*40,0,50)-math.clamp(math.sin(-q.anim_time*90*4*2)*40,0,50)", 0, 0],
						"0.1": [10.95037, 0, 0],
						"0.3": [32.5, 0, 0],
						"0.4": [21.54963, 0, 0],
						"0.5": ["math.clamp(math.sin(q.anim_time*90*4*2)*40,0,50)-math.clamp(math.sin(-q.anim_time*90*4*2)*40,0,50)", 0, 0]
					},
					"position": [
						0,
						"-math.clamp(math.sin(q.anim_time*90*4*2)*0.3,-1,2)-math.clamp(math.sin(-q.anim_time*90*4*2)*0.8,-1,2)",
						"-0.3+math.clamp(math.sin(q.anim_time*90*4*2-30)*0.5,0,2)-math.clamp(math.sin(q.anim_time*90*4*2-30+180)*0.5,0,2)"
					]
				},
				"leg_back_left": {
					"rotation": {
						"0.0": ["math.clamp(math.sin(q.anim_time*90*4*2+20)*40,0,50)-math.clamp(math.sin(-q.anim_time*90*4*2-20)*40,0,50)", 0, 0],
						"0.1": [19.1793, 0, 0],
						"0.3": [30, 0, 0],
						"0.4": [24.5015, 0, 0],
						"0.5": ["math.clamp(math.sin(q.anim_time*90*4*2+20)*40,0,50)-math.clamp(math.sin(-q.anim_time*90*4*2-20)*40,0,50)", 0, 0]
					},
					"position": [
						0,
						"-math.clamp(math.sin(q.anim_time*90*4*2)*0.3,-1,2)-math.clamp(math.sin(-q.anim_time*90*4*2)*0.8,0,2)",
						"-0.3+math.clamp(math.sin(q.anim_time*90*4*2-30)*0.5,0,2)-math.clamp(math.sin(q.anim_time*90*4*2-30+180)*0.5,0,2)"
					]
				},
				"ear_right": {
					"rotation": [
						"15.2551-4*math.sin(q.anim_time*90*4*2+45)-math.clamp(4*math.sin(q.anim_time*90*4*2+90),-4,4)",
						"9.3859+4*math.sin(q.anim_time*90*4*2+45)+math.clamp(4*math.sin(q.anim_time*90*4*2+90),-4,4)",
						5.67525
					]
				},
				"ear_left": {
					"rotation": [
						"17.7256-4*math.sin(q.anim_time*90*4*2+45)-math.clamp(4*math.sin(q.anim_time*90*4*2+90),-4,4)",
						"-9.1711-4*math.sin(q.anim_time*90*4*2+45)-math.clamp(4*math.sin(q.anim_time*90*4*2+90),-4,4)",
						-5.6336
					]
				},
				"leg_front_right2": {
					"rotation": ["-math.clamp(math.sin(-q.anim_time*90*4*2-90)*20,5,70)+5-math.clamp(math.sin(-q.anim_time*90*4*2+180)*10,5,70)+5", 0, 0]
				},
				"leg_front_right3": {
					"rotation": ["12*math.sin(q.anim_time*90*8+30)-math.clamp(math.sin(q.anim_time*90*8),1,1)", 0, 0]
				},
				"leg_front_left2": {
					"rotation": ["-math.clamp(math.sin(-q.anim_time*90*8-90+30)*20,5,70)+5-math.clamp(math.sin(-q.anim_time*90*8+180+30)*10,5,70)+5", 0, 0]
				},
				"leg_front_left3": {
					"rotation": ["8*math.sin(q.anim_time*90*8+30-90)-math.clamp(math.sin(q.anim_time*90*8-90),1,1)", 0, 0]
				},
				"leg_back_right2": {
					"rotation": ["math.clamp(math.sin(q.anim_time*90*8-180-30)*5,0,5)-math.clamp(math.sin(-q.anim_time*90*8-90)*10,0,50)", 0, 0]
				},
				"leg_back_right3": {
					"rotation": ["20+20*math.sin(q.anim_time*90*8+45-30)-math.clamp(math.sin(q.anim_time*90*8+90-30),1,1)", 0, 0]
				},
				"leg_back_left2": {
					"rotation": ["math.clamp(math.sin(q.anim_time*90*8-90)*5,0,5)-math.clamp(math.sin(-q.anim_time*90*8-90)*10,0,10)", 0, 0]
				},
				"leg_back_left3": {
					"rotation": ["20+20*math.sin(q.anim_time*90*8+15)-math.clamp(math.sin(q.anim_time*90*8+90),1,1)", 0, 0]
				},
				"tail": {
					"rotation": ["30-math.sin(q.anim_time*90*4*2+60)*12", 0, 0]
				},
				"tail2": {
					"rotation": [-0.75, 0, 0],
					"position": [0, 0, 0]
				},
				"tail3": {
					"rotation": ["-math.sin(q.anim_time*90*4*2)*6", 0, 0]
				}
			}
		},
		"animation.automeon.blink": {
			"animation_length": 0.1667,
			"bones": {
				"eyelid_right": {
					"position": {
						"0.0": [-0.1, 0, -0.1],
						"0.125": [-0.1, 0, -0.1],
						"0.1667": [0, 0, 0]
					}
				},
				"eyelid_left": {
					"position": {
						"0.0": [0.1, 0, -0.1],
						"0.125": [0.1, 0, -0.1],
						"0.1667": [0, 0, 0]
					}
				}
			}
		},
		"animation.automeon.faint": {
			"animation_length": 3.12,
			"bones": {
				"torso": {
					"rotation": {
						"0.0": [0, 0, 0],
						"0.04": [-1.70234, 0, 0],
						"0.08": [-6.98713, 0, 0],
						"0.16": [-23.01287, 0, 0],
						"0.2": [-28.29766, 0, 0],
						"0.24": [-30, 0, 0],
						"0.28": [-30.31403, 0, 0],
						"0.32": [-30.91877, 0, 0],
						"0.64": [-37.55948, 0, 0],
						"0.72": [-39.08123, 0, 0],
						"0.76": [-39.68597, 0, 0],
						"0.8": [-40, 0, 0],
						"0.84": [-38.5079, 0, 0],
						"0.88": [-35.19845, 0, 0],
						"0.92": [-30.95647, 0, 0],
						"0.96": [-26.21446, 0, 0],
						"1.04": [-16.28554, 0, 0],
						"1.08": [-11.54353, 0, 0],
						"1.12": [-7.30155, 0, 0],
						"1.16": [-3.9921, 0, 0],
						"1.2": [-2.5, 0, 0]
					},
					"position": {
						"0.0": [0, 0, 0],
						"0.04": [0, 0.17023, 0],
						"0.08": [0, 0.69871, 0],
						"0.16": [0, 2.30129, 0],
						"0.2": [0, 2.82977, 0],
						"0.24": [0, 3, 0],
						"0.28": [0, 2.9686, 0],
						"0.32": [0, 2.90812, 0],
						"0.64": [0, 2.24405, 0],
						"0.72": [0, 2.09188, 0],
						"0.76": [0, 2.0314, 0],
						"0.8": [0, 2, 0],
						"0.84": [0, 1.6419, 0],
						"0.88": [0, 0.84763, 0],
						"0.92": [0, -0.17045, 0],
						"0.96": [0, -1.30853, 0],
						"1.04": [0, -3.69147, 0],
						"1.08": [0, -4.82955, 0],
						"1.12": [0, -5.84763, 0],
						"1.16": [0, -6.6419, 0],
						"1.2": [0, -7, 0],
						"1.24": [0, -6.94326, 0],
						"1.28": [0, -6.7671, 0],
						"1.36": [0, -6.2329, 0],
						"1.4": [0, -6.05674, 0],
						"1.44": {
							"pre": [0, -6, 0],
							"post": [0, -6, 0],
							"lerp_mode": "catmullrom"
						},
						"1.72": {
							"post": [0, -7, 0],
							"lerp_mode": "catmullrom"
						}
					}
				},
				"head": {
					"rotation": {
						"0.0": [0, 0, 0],
						"0.04": [-0.99303, 0, 0],
						"0.08": [-4.07582, 0, 0],
						"0.16": [-13.42418, 0, 0],
						"0.2": [-16.50697, 0, 0],
						"0.24": [-17.5, 0, 0],
						"0.28": [-17.65701, 0, 0],
						"0.68": [-21.67699, 0, 0],
						"0.76": [-22.34299, 0, 0],
						"0.8": [-22.5, 0, 0],
						"0.84": [-22.10211, 0, 0],
						"0.88": [-21.21959, 0, 0],
						"0.92": [-20.08839, 0, 0],
						"1.08": [-14.91161, 0, 0],
						"1.12": [-13.78041, 0, 0],
						"1.16": [-12.89789, 0, 0],
						"1.2": [-12.5, 0, 0],
						"1.44": [-12.5, 0, 0],
						"1.48": [-10.5731, 0, 0],
						"1.52": [-6.0631, 0, 0],
						"1.56": [-0.12685, 0, 0],
						"1.6": [6.54787, 0, 0],
						"1.64": [13.45213, 0, 0],
						"1.68": [20.12685, 0, 0],
						"1.72": [26.0631, 0, 0],
						"1.76": [30.5731, 0, 0],
						"1.8": [32.5, 0, 0]
					},
					"position": [0, 0, 0]
				},
				"eyelid_right": {
					"position": {
						"0.0": [0, 0, 0],
						"0.12": {"pre": [0, 0, 0], "post": [-0.1, 0, -0.1]},
						"0.44": {"pre": [-0.1, 0, -0.1], "post": [0, 0, 0]},
						"0.52": {"pre": [0, 0, 0], "post": [-0.1, 0, -0.1]},
						"0.84": {"pre": [-0.1, 0, -0.1], "post": [0, 0, 0]},
						"0.92": {"pre": [0, 0, 0], "post": [-0.1, 0, -0.1]},
						"1.24": {"pre": [-0.1, 0, -0.1], "post": [0, 0, 0]},
						"1.32": {"pre": [0, 0, 0], "post": [-0.1, 0, -0.1]},
						"1.48": {"pre": [-0.1, 0, -0.1], "post": [0, 0, 0]},
						"1.56": {"pre": [0, 0, 0], "post": [-0.1, 0, -0.1]},
						"1.88": {"pre": [-0.1, 0, -0.1], "post": [0, 0, 0]},
						"1.96": {"pre": [0, 0, 0], "post": [-0.1, 0, -0.1]}
					}
				},
				"eyelid_left": {
					"position": {
						"0.0": [0, 0, 0],
						"0.12": {"pre": [0, 0, 0], "post": [0.1, 0, -0.1]},
						"0.44": {"pre": [0.1, 0, -0.1], "post": [0, 0, 0]},
						"0.52": {"pre": [0, 0, 0], "post": [0.1, 0, -0.1]},
						"0.84": {"pre": [0.1, 0, -0.1], "post": [0, 0, 0]},
						"0.92": {"pre": [0, 0, 0], "post": [0.1, 0, -0.1]},
						"1.24": {"pre": [0.1, 0, -0.1], "post": [0, 0, 0]},
						"1.32": {"pre": [0, 0, 0], "post": [0.1, 0, -0.1]},
						"1.48": {"pre": [0.1, 0, -0.1], "post": [0, 0, 0]},
						"1.56": {"pre": [0, 0, 0], "post": [0.1, 0, -0.1]},
						"1.88": {"pre": [0.1, 0, -0.1], "post": [0, 0, 0]},
						"1.96": {"pre": [0, 0, 0], "post": [0.1, 0, -0.1]}
					}
				},
				"leg_back_right": {
					"rotation": {
						"0.0": [0, 0, 0],
						"0.04": [1.70234, 0, 0],
						"0.08": [6.98713, 0, 0],
						"0.16": [23.01287, 0, 0],
						"0.2": [28.29766, 0, 0],
						"0.24": [30, 0, 0],
						"0.28": [30.31403, 0, 0],
						"0.32": [30.91877, 0, 0],
						"0.64": [37.55948, 0, 0],
						"0.72": [39.08123, 0, 0],
						"0.76": [39.68597, 0, 0],
						"0.8": [40, 0, 0],
						"0.84": [42.09108, -0.8132, 0],
						"0.88": [47.32789, -2.84974, 0],
						"0.92": [54.46483, -5.62521, 0],
						"1.0": [70.53517, -11.87479, 0],
						"1.04": [77.67211, -14.65026, 0],
						"1.08": [82.90892, -16.6868, 0],
						"1.12": [85, -17.5, 0]
					},
					"position": [0, 0, 0]
				},
				"leg_back_left": {
					"rotation": {
						"0.0": [0, 0, 0],
						"0.04": [1.70234, 0, 0],
						"0.08": [6.98713, 0, 0],
						"0.16": [23.01287, 0, 0],
						"0.2": [28.29766, 0, 0],
						"0.24": [30, 0, 0],
						"0.28": [30.31403, 0, 0],
						"0.32": [30.91877, 0, 0],
						"0.64": [37.55948, 0, 0],
						"0.72": [39.08123, 0, 0],
						"0.76": [39.68597, 0, 0],
						"0.8": [40, 0, 0],
						"0.84": [42.32903, 0.57861, 0.05144],
						"0.88": [48.16177, 2.02766, 0.18025],
						"0.92": [56.11085, 4.00247, 0.35581],
						"1.0": [74.00991, 8.4492, 0.75112],
						"1.04": [81.95899, 10.42401, 0.92667],
						"1.08": [87.79173, 11.87306, 1.05549],
						"1.12": [90.12076, 12.45167, 1.10693]
					},
					"position": [0, 0, 0]
				},
				"tail": {
					"rotation": {
						"0.0": [0, 0, 0],
						"0.04": [2.12793, 0, 0],
						"0.08": [8.73391, 0, 0],
						"0.16": [28.76609, 0, 0],
						"0.2": [35.37207, 0, 0],
						"0.24": [37.5, 0, 0],
						"0.76": [37.5, 0, 0],
						"1.28": [37.5, 0, 0],
						"1.44": [37.5, 0, 0],
						"1.48": [35.359, 0, 0],
						"1.52": [30.34789, 0, 0],
						"1.56": [23.75205, 0, 0],
						"1.6": [16.3357, 0, 0],
						"1.64": [8.6643, 0, 0],
						"1.68": [1.24795, 0, 0],
						"1.72": [-5.34789, 0, 0],
						"1.76": [-10.359, 0, 0],
						"1.8": [-12.5, 0, 0]
					},
					"position": [0, 0, 0]
				},
				"leg_front_right": {
					"rotation": {
						"0.0": [0, 0, 0],
						"0.04": [-4.64213, 0.95816, 0.26473],
						"0.08": [-19.05323, 3.9327, 1.08657],
						"0.16": [-62.75393, 12.95277, 3.57873],
						"0.2": [-77.16502, 15.9273, 4.40057],
						"0.24": [-81.80716, 16.88547, 4.6653],
						"0.28": [-81.33611, 16.88547, 4.6653],
						"0.32": [-80.42901, 16.88547, 4.6653],
						"0.36": [-79.33813, 16.88547, 4.6653],
						"0.64": [-70.46794, 16.88547, 4.6653],
						"0.68": [-69.27619, 16.88547, 4.6653],
						"0.72": [-68.18531, 16.88547, 4.6653],
						"0.76": [-67.2782, 16.88547, 4.6653],
						"0.8": [-66.80716, 16.88547, 4.6653]
					},
					"position": {
						"0.0": [0, 0, 0],
						"0.04": [0, 0.28372, 0],
						"0.08": [0, 1.16452, 0],
						"0.16": [0, 3.83548, 0],
						"0.2": [0, 4.71628, 0],
						"0.24": [0, 5, 0],
						"0.28": [0, 4.9686, 0],
						"0.32": [0, 4.90812, 0],
						"0.64": [0, 4.24405, 0],
						"0.72": [0, 4.09188, 0],
						"0.76": [0, 4.0314, 0],
						"0.8": [0, 4, 0],
						"0.84": [0, 3.60211, 0],
						"0.88": [0, 2.71959, 0],
						"0.92": [0, 1.58839, 0],
						"0.96": [0, 0.32386, 0],
						"1.04": [0, -2.32386, 0],
						"1.08": [0, -3.58839, 0],
						"1.12": [0, -4.71959, 0],
						"1.16": [0, -5.60211, 0],
						"1.2": [0, -6, 0]
					}
				},
				"leg_front_left": {
					"rotation": {
						"0.0": [0, 0, 0],
						"0.04": [-4.64213, -0.95816, -0.26473],
						"0.08": [-19.05323, -3.9327, -1.08657],
						"0.16": [-62.75393, -12.95277, -3.57873],
						"0.2": [-77.16502, -15.9273, -4.40057],
						"0.24": [-81.80716, -16.88547, -4.6653],
						"0.28": [-81.33611, -16.88547, -4.6653],
						"0.32": [-80.42901, -16.88547, -4.6653],
						"0.36": [-79.33813, -16.88547, -4.6653],
						"0.64": [-70.46794, -16.88547, -4.6653],
						"0.68": [-69.27619, -16.88547, -4.6653],
						"0.72": [-68.18531, -16.88547, -4.6653],
						"0.76": [-67.2782, -16.88547, -4.6653],
						"0.8": [-66.80716, -16.88547, -4.6653]
					},
					"position": {
						"0.0": [0, 0, 0],
						"0.04": [0, 0.28372, 0],
						"0.08": [0, 1.16452, 0],
						"0.16": [0, 3.83548, 0],
						"0.2": [0, 4.71628, 0],
						"0.24": [0, 5, 0],
						"0.28": [0, 4.9686, 0],
						"0.32": [0, 4.90812, 0],
						"0.64": [0, 4.24405, 0],
						"0.72": [0, 4.09188, 0],
						"0.76": [0, 4.0314, 0],
						"0.8": [0, 4, 0],
						"0.84": [0, 3.60211, 0],
						"0.88": [0, 2.71959, 0],
						"0.92": [0, 1.58839, 0],
						"0.96": [0, 0.32386, 0],
						"1.04": [0, -2.32386, 0],
						"1.08": [0, -3.58839, 0],
						"1.12": [0, -4.71959, 0],
						"1.16": [0, -5.60211, 0],
						"1.2": [0, -6, 0]
					}
				}
			}
		}
	},
	"geckolib_format_version": 2
}