{
    "implemented": true,
    "name": "sandygast",
    "nationalPokedexNumber": 0769,
    "primaryType": "ghost",
    "secondaryType": "ground",
    "abilities": [
        "watercompaction",
        
        "h:sandveil"
    ],
    "baseStats": {
        "hp": 55,
        "attack": 55,
        "defence": 80,
        "special_attack": 70,
        "special_defence": 45,
        "speed": 15
    },
    "behaviour": {
        "resting": {
            "canSleep": true,
            "depth": "normal",
            "light": "0-4"
        },
        "moving": {
            "canLook": false,
            "walk": {
				"walkSpeed": 0.175,
                "canWalk": true,
                "avoidsLand": false
            },
            "swim": {
                "swimSpeed": 0.1,
                "canSwimInWater": false,
                "canBreatheUnderwater": false
            }
        }
    },
    "catchRate": 20,
    "maleRatio": 0.5,
    "shoulderMountable": false,
	  "forms": [
    {
      "name": "redsand",
      "primaryType": "ghost",
      "secondaryType": "ground",
      "abilities": [
        "watercompaction",
        
        "h:sandveil"
      ],
     "baseStats": {
        "hp": 55,
        "attack": 55,
        "defence": 80,
        "special_attack": 70,
        "special_defence": 45,
        "speed": 15
    },
		"catchRate": 20,
		"maleRatio": 0.5,
      "baseExperienceYield": 64,
      "baseFriendship": 50,
      "evYield": {
        "hp": 0,
        "attack": 0,
        "defence": 1,
        "special_attack": 0,
        "special_defence": 0,
        "speed": 0
      },
      "experienceGroup": "erratic",
		"eggCycles": 15,
		"eggGroups": [
        "amorphous"       
    ],
    "moves": [
        "1:absorb",
        "1:harden",
        "5:astonish",
        "10:sandtomb",
        "15:megadrain",
        "20:sandattack",
        "25:bulldoze",
        "30:hypnosis",
        "35:gigadrain",
        "40:irondefense",
        "45:shadowball",
        "50:earthpower",
        "55:shoreup",
        "60:sandstorm"
    ],
      "labels": [
        "gen7",
        "sand_redsand"
      ],
      "aspects": [
        "redsand"
      ],
      "height": 16,
      "weight": 730,
      "evolutions": [
        {
            "id": "sandygast_palossand_redsand",
            "variant": "level_up",
            "result": "palossand redsand",
            "consumeHeldItem": false,
            "learnableMoves": [],
            "requirements": [
                {
                    "variant": "level",
                    "minLevel": 42
                }
            ]
        }
    ],    
      "cannotDynamax": false,
      "battleOnly": false
    }
  ],
    
    "baseExperienceYield": 64,
    "experienceGroup": "erratic",
    "eggCycles": 15,
    "eggGroups": [
        "amorphous"
        
    ],
    "drops": {
        "amount": "1",
        "entries": [
        {"item": "minecraft:sand", "quantityRange": "1-12", "percentage": 50}
        ]
    },
    "moves": [
        "1:absorb",
        "1:harden",
        "5:astonish",
        "10:sandtomb",
        "15:megadrain",
        "20:sandattack",
        "25:bulldoze",
        "30:hypnosis",
        "35:gigadrain",
        "40:irondefense",
        "45:shadowball",
        "50:earthpower",
        "55:shoreup",
        "60:sandstorm"
    ],
    "labels": [
        "custom"
    ],
    "pokedex": [
        "cobblemon.species.sandygast.desc1",
        "cobblemon.species.sandygast.desc2"
    ],
    "evolutions": [
        {
            "id": "sandygast_palossand",
            "variant": "level_up",
            "result": "palossand",
            "consumeHeldItem": false,
            "learnableMoves": [],
            "requirements": [
                {
                    "variant": "level",
                    "minLevel": 42
                }
            ]
        }
    ],    
    
    "baseScale": 0.8,
    "hitbox": {
        "width": 0.5,
        "height": 0.8,
        "fixed": false
    },
    "baseFriendship": 50,
    "evYield": {
        "hp": 0,
        "attack": 0,
        "defence": 1,
        "special_attack": 0,
        "special_defence": 0,
        "speed": 0
    },
    "height": 1,
    "weight": 1
}