{
    "implemented": true,
    "name": "togedemaru",
    "nationalPokedexNumber": 777,
    "primaryType": "electric",
    "secondaryType": "steel",
    "abilities": [
        "ironbarbs",
        "lightningrod",
        "h:sturdy"
    ],
    "baseStats": {
        "hp": 65,
        "attack": 98,
        "defence": 63,
        "special_attack": 40,
        "special_defence": 73,
        "speed": 96
    },
    "behaviour": {
        "resting": {
            "canSleep": true,
            "depth": "normal",
            "light": "0-4"
        },
        "moving": {
            "canLook": false,
            "walk": {
                "canWalk": true,
                "avoidsLand": false
            },
            "swim": {
                "swimSpeed": 0.1,
                "canSwimInWater": false,
                "canBreatheUnderwater": false
            }
        }
    },
    "catchRate": 107,
    "maleRatio": 0.5,
    "shoulderMountable": false,
    
    "baseExperienceYield": 120,
    "experienceGroup": "erratic",
    "eggCycles": 25,
    "eggGroups": [
        "field",
        "fairy"
    ],
    
    "moves": [
        "1:nuzzle",
        "1:tackle",
        "5:defensecurl",
        "10:charge",
        "15:thundershock",
        "20:fellstinger",
        "25:spark",
        "30:pinmissile",
        "35:magnetrise",
        "40:zingzap",
        "45:discharge",
        "50:electricterrain",
        "55:wildcharge",
        "60:spikyshield"
    ],
    "labels": [
        "gen7"
    ],
    "pokedex": [
        "cobblemon.species.togedemaru.desc1",
        "cobblemon.species.togedemaru.desc2"
    ],
    
    
    "baseScale": 0.7,
    "hitbox": {
        "width": 0.5,
        "height": 1.0,
        "fixed": false
    },
    "baseFriendship": 50,
    "evYield": {
        "hp": 0,
        "attack": 1,
        "defence": 0,
        "special_attack": 0,
        "special_defence": 0,
        "speed": 0
    },
    "height": 1,
    "weight": 1
}