{
  "name": "Chandelure",
  "nationalPokedexNumber": 609,
  "primaryType": "ghost",
  "secondaryType": "fire",
  "abilities": [
    "flashfire",
    "flamebody",
    "h:infiltrator"
  ],
  "baseStats": {
    "hp": 60,
    "attack": 55,
    "defence": 90,
    "special_attack": 145,
    "special_defence": 90,
    "speed": 80
  },
  "behaviour": {
    "resting": {
            "canSleep": true,
            "depth": "normal",
            "light": "14-15",
			"willSleepOnBed": false
        },
    "moving": {
      "fly": {
        "canFly": true
      }
    }
  },
  "catchRate": 45,
  "maleRatio": 0.5,
  "shoulderMountable": false,
  "baseExperienceYield": 260,
  "experienceGroup": "medium_slow",
  "eggCycles": 20,
  "eggGroups": [
    "amorphous"
  ],
  "moves": [
    "1:astonish",
    "1:confuseray",
    "1:curse",
    "1:ember",
    "1:firespin",
    "1:flameburst",
    "1:hex",
    "1:imprison",
    "1:inferno",
    "1:memento",
    "1:minimize",
    "1:nightshade",
    "1:overheat",
    "1:painsplit",
    "1:shadowball",
    "1:smog",
    "1:willowisp",
    "tm:allyswitch",
    "tm:attract",
    "tm:calmmind",
    "tm:confide",
    "tm:darkpulse",
    "tm:doubleteam",
    "tm:dreameater",
    "tm:embargo",
    "tm:endure",
    "tm:energyball",
    "tm:facade",
    "tm:fireblast",
    "tm:firespin",
    "tm:flamecharge",
    "tm:flamethrower",
    "tm:flash",
    "tm:frustration",
    "tm:gigaimpact",
    "tm:heatwave",
    "tm:hex",
    "tm:hiddenpower",
    "tm:hyperbeam",
    "tm:imprison",
    "tm:incinerate",
    "tm:mysticalfire",
    "tm:overheat",
    "tm:payback",
    "tm:protect",
    "tm:psychic",
    "tm:psychup",
    "tm:rest",
    "tm:return",
    "tm:round",
    "tm:safeguard",
    "tm:secretpower",
    "tm:shadowball",
    "tm:sleeptalk",
    "tm:snore",
    "tm:solarbeam",
    "tm:substitute",
    "tm:sunnyday",
    "tm:swagger",
    "tm:taunt",
    "tm:telekinesis",
    "tm:thief",
    "tm:toxic",
    "tm:trick",
    "tm:trickroom",
    "tm:willowisp",
    "tutor:allyswitch",
    "tutor:burningjealousy",
    "tutor:darkpulse",
    "tutor:energyball",
    "tutor:heatwave",
    "tutor:laserfocus",
    "tutor:painsplit",
    "tutor:poltergeist",
    "tutor:psychic",
    "tutor:shadowball",
    "tutor:shockwave",
    "tutor:skittersmack",
    "tutor:sleeptalk",
    "tutor:snore",
    "tutor:spite",
    "tutor:telekinesis",
    "tutor:trick"
  ],
  "labels": [
    "gen5"
  ],
  "pokedex": [
    "cobblemon.species.chandelure.desc"
  ],
  "preEvolution": "lampent",
  "evolutions": [],
  "baseScale": 1.25,
  "hitbox": {
    "width": 0.7,
    "height": 0.7,
    "fixed": false
  },
  "baseFriendship": 50,
  "evYield": {
    "hp": 0,
    "attack": 0,
    "defence": 0,
    "special_attack": 3,
    "special_defence": 0,
    "speed": 0
  },
  "height": 10,
  "weight": 343,
  "aspects": [],
  "cannotDynamax": false
}