{
  "name": "Lampent",
  "nationalPokedexNumber": 608,
  "primaryType": "ghost",
  "secondaryType": "fire",
  "abilities": [
    "flashfire",
    "flamebody",
    "h:infiltrator"
  ],
  "baseStats": {
    "hp": 60,
    "attack": 40,
    "defence": 60,
    "special_attack": 95,
    "special_defence": 60,
    "speed": 55
  },
  "behaviour": {
    "resting": {
            "canSleep": true,
            "depth": "normal",
            "light": "14-15",
			"willSleepOnBed": false
        },
    "moving": {
      "fly": {
        "canFly": true
      }
    }
  },
  "catchRate": 90,
  "maleRatio": 0.5,
  "shoulderMountable": false,
  "baseExperienceYield": 130,
  "experienceGroup": "medium_slow",
  "eggCycles": 20,
  "eggGroups": [
    "amorphous"
  ],
  "moves": [
    "1:astonish",
    "1:ember",
    "1:minimize",
    "1:smog",
    "7:firespin",
    "10:confuseray",
    "13:nightshade",
    "16:willowisp",
    "20:flameburst",
    "24:imprison",
    "28:hex",
    "33:memento",
    "38:inferno",
    "45:curse",
    "53:shadowball",
    "61:painsplit",
    "69:overheat",
    "tm:allyswitch",
    "tm:attract",
    "tm:calmmind",
    "tm:confide",
    "tm:darkpulse",
    "tm:doubleteam",
    "tm:dreameater",
    "tm:embargo",
    "tm:endure",
    "tm:energyball",
    "tm:facade",
    "tm:fireblast",
    "tm:firespin",
    "tm:flamecharge",
    "tm:flamethrower",
    "tm:flash",
    "tm:frustration",
    "tm:heatwave",
    "tm:hex",
    "tm:hiddenpower",
    "tm:imprison",
    "tm:incinerate",
    "tm:mysticalfire",
    "tm:overheat",
    "tm:payback",
    "tm:protect",
    "tm:psychic",
    "tm:psychup",
    "tm:rest",
    "tm:return",
    "tm:round",
    "tm:safeguard",
    "tm:secretpower",
    "tm:shadowball",
    "tm:sleeptalk",
    "tm:snore",
    "tm:solarbeam",
    "tm:substitute",
    "tm:sunnyday",
    "tm:swagger",
    "tm:taunt",
    "tm:telekinesis",
    "tm:thief",
    "tm:toxic",
    "tm:trick",
    "tm:trickroom",
    "tm:willowisp",
    "tutor:allyswitch",
    "tutor:burningjealousy",
    "tutor:darkpulse",
    "tutor:heatwave",
    "tutor:painsplit",
    "tutor:poltergeist",
    "tutor:shockwave",
    "tutor:skittersmack",
    "tutor:sleeptalk",
    "tutor:snore",
    "tutor:spite",
    "tutor:telekinesis",
    "tutor:trick"
  ],
  "labels": [
    "gen5"
  ],
  "pokedex": [
    "cobblemon.species.lampent.desc"
  ],
  "preEvolution": "litwick",
  "evolutions": [
    {
      "id": "lampent_chandelure",
      "variant": "item_interact",
      "result": "chandelure",
      "consumeHeldItem": false,
      "learnableMoves": [],
      "requirements": [],
      "requiredContext": "cobblemon:dusk_stone"
    }
  ],
  "baseScale": 1,
  "hitbox": {
    "width": 0.7,
    "height": 1,
    "fixed": false
  },
  "baseFriendship": 50,
  "evYield": {
    "hp": 0,
    "attack": 0,
    "defence": 0,
    "special_attack": 2,
    "special_defence": 0,
    "speed": 0
  },
  "height": 6,
  "weight": 130,
  "aspects": [],
  "cannotDynamax": false
}